EffectiveThreadNum,GenNum,Gen_Rate[1/us],Avg_Gen_Time[us],Tile_Rate[1/us],Avg_Tile_Time[us],Total_Time[us]
1,10,0.00623441,160.4,0.00623441,154.5,1604
1,10,0.00559284,178.8,0.00559284,159.7,1788
1,10,0.000654965,1526.8,0.000654965,1503,15268
1,10,0.0041511,240.9,0.0041511,229.7,2409
1,10,0.0065703,152.2,0.0065703,137.6,1522
